{
  "accuracy": 0.9911504424778761,
  "precision": 0.96875,
  "recall": 1.0,
  "f1_score": 0.9841269841269841,
  "confusion_matrix": [
    [
      81,
      1
    ],
    [
      0,
      31
    ]
  ],
  "classification_report": {
    "0": {
      "precision": 1.0,
      "recall": 0.9878048780487805,
      "f1-score": 0.9938650306748467,
      "support": 82.0
    },
    "1": {
      "precision": 0.96875,
      "recall": 1.0,
      "f1-score": 0.9841269841269841,
      "support": 31.0
    },
    "accuracy": 0.9911504424778761,
    "macro avg": {
      "precision": 0.984375,
      "recall": 0.9939024390243902,
      "f1-score": 0.9889960074009154,
      "support": 113.0
    },
    "weighted avg": {
      "precision": 0.9914269911504425,
      "recall": 0.9911504424778761,
      "f1-score": 0.9911935311794152,
      "support": 113.0
    }
  },
  "roc_auc": 0.9980330448465775,
  "best_epoch": 5,
  "best_val_f1": 1.0
}