{
  "removed_columns": [
    "SET_ToolTemperature",
    "QUA_ToolClosingTime",
    "QUA_ToolOpeningTime",
    "QUA_ToolTemperature1",
    "QUA_ToolTemperature2"
  ],
  "baseline_test": {
    "accuracy": 1.0,
    "f1": 1.0,
    "auc": 1.0,
    "threshold": 0.1
  },
  "ablation_test": {
    "accuracy": 1.0,
    "f1": 1.0,
    "auc": 1.0,
    "threshold": 0.1
  },
  "test_drop": {
    "accuracy_drop": 0.0,
    "f1_drop": 0.0,
    "auc_drop": 0.0
  },
  "baseline_cv_mean": {
    "accuracy": 0.9929203539823008,
    "f1": 0.9874007936507937,
    "auc": 0.9998426435877261
  },
  "ablation_cv_mean": {
    "accuracy": 0.9911504424778761,
    "f1": 0.9843253968253969,
    "auc": 0.9998426435877261
  },
  "cv_drop": {
    "accuracy_drop": 0.001769911504424737,
    "f1_drop": 0.0030753968253968145,
    "auc_drop": 0.0
  }
}
